20220406,225035,00,00,34,a68039b2-24fb-4d95-9517-81ce960668a5,topic未設定,M01-18-0046
20220415,143931,00,12,10,1e1b3486-5eb5-4cf5-8a27-4a06fb504504,topic未設定,M01-18-0046
20220510,111251,00,45,25,d7f196ee-b6ed-4b32-b02e-9cd057011065,topic未設定,M01-18-0046
20220517,100411,00,10,27,161063f0-8e28-4037-b427-490318fb49a8,topic未設定,M01-18-0046
20220517,101455,00,15,46,2000ac4d-1a06-4a98-b818-8e323e9e10dd,topic未設定,M01-18-0046
20220517,103056,00,39,34,dc133111-e5f0-4546-800f-7c9ee35ee6bf,topic未設定,M01-18-0046
20220518,132859,00,14,56,fc7dce2f-4169-4509-96b2-5f24f66f6273,topic未設定,M01-18-0046
20220518,134352,00,17,22,b4cdc20a-d9b7-41b0-a4c6-d8ead77d89cc,topic未設定,M01-18-0046
20220523,103015,00,44,20,b7b4be85-37e9-45c4-a851-7ae9f619bc75,topic未設定,M01-18-0046
20220524,131902,00,13,08,cd51cb87-d80a-4bb3-8922-142f5407295a,topic未設定,M01-18-0046
20220530,125956,00,39,15,add447fc-aade-4651-80bf-a09b1f152742,topic未設定,M01-18-0046
20220609,150116,00,56,54,55154e29-8ba1-4eb9-b3e4-bc3f536662e5,topic未設定,M01-18-0046
20220614,094507,00,00,05,70f68c09-1f46-4543-9b0a-67ecfa2f6125,topic未設定,M01-18-0046
20220614,102121,00,00,30,31f96b25-1f2f-4524-9e5e-0154c87ef5f5,topic未設定,M01-18-0046
20220614,102532,00,10,24,d7ba3e5a-de72-4f0a-9fc8-4ccc880bbb06,topic未設定,M01-18-0046
20220614,103615,00,01,20,8e434dc9-b7c6-4a3e-9214-73d5a6ea0743,topic未設定,M01-18-0046
20220614,103939,00,05,51,c8230d0d-e5b0-4578-b9e7-b7ead17c2117,topic未設定,M01-18-0046
20220614,104735,00,03,03,0311eccf-96f2-4e88-a47a-13ac31a15fc6,topic未設定,M01-18-0046
20220614,105642,00,10,46,a18d48dc-7c2a-400a-9026-5412228913d2,topic未設定,M01-18-0046
20220614,110752,00,03,35,678029ee-74e3-423c-8d6e-79d17ee59fae,topic未設定,M01-18-0046
20220614,111600,00,04,14,3fa0db5b-722d-4776-858f-3a6c09ee5c68,topic未設定,M01-18-0046
20220614,112308,00,06,46,3b05dab3-b651-4389-be6f-d89f2e1c5564,topic未設定,M01-18-0046
20220614,113500,00,07,35,afb2cb8b-4a1a-4bb8-ae79-6faecef66702,topic未設定,M01-18-0046
20220614,114324,00,05,53,98cf399c-9cf0-407f-84fc-edc23c586a1a,topic未設定,M01-18-0046
20220614,115056,00,01,56,d5126b0d-5ec7-449f-bba7-0ebc0c91f1d3,topic未設定,M01-18-0046
20220614,115555,00,08,20,669522f1-f9ee-4555-ad8d-8209ef9afb07,topic未設定,M01-18-0046
20220619,085157,00,10,10,392645e1-73a5-4a14-8302-d35aa4f4bec4,topic未設定,M01-18-0046
20220619,100743,00,30,32,eee60581-4ad5-45f0-9dbd-63780ad9a48a,topic未設定,M01-18-0046
20220622,155903,00,34,22,5ed2fa54-24d4-4e06-9172-8f268916b770,topic未設定,M01-18-0046
20220706,201600,00,04,06,fbc08254-33cc-4c1e-ab54-7189e39a4cbc,topic未設定,M01-18-0046
20220706,202314,00,02,48,1aa9e6f8-9e4e-4236-a5bf-75f25cd4dd8f,topic未設定,M01-18-0046
20220706,202808,00,03,05,0e4a5ae3-b9a9-4a6a-919b-8939c06aa097,topic未設定,M01-18-0046
20220709,093546,00,02,01,8f620f56-b271-4841-aff2-3e29dfbb2b01,topic未設定,M01-18-0046
20220709,165036,00,03,00,cc5fb071-d3da-4c22-b75a-684609716843,topic未設定,M01-18-0046
20220810,091417,00,33,35,5c58a54b-e559-41c7-8886-d3ec7c40219f,topic未設定,M01-18-0046
20220810,161624,00,26,59,94230210-46ba-4e4e-82a0-00a42db26c96,topic未設定,M01-18-0046
20220810,165848,00,22,51,c239e6ac-11ac-42a6-ab8f-ed7d8d088869,topic未設定,M01-18-0046
20220829,121813,00,01,41,67b8a43b-13a0-4558-b240-1ca68b03754c,topic未設定,M01-18-0046
20220829,122440,00,00,30,8d9012bc-058f-46ad-a018-6d22f0276550,topic未設定,M01-18-0046
20220829,122536,00,00,12,71670ada-ac7f-4753-9f00-c8f1ee173ec5,topic未設定,M01-18-0046
20220829,123423,00,01,15,09664131-672b-4b7b-85f5-3fd66588885a,topic未設定,M01-18-0046
20220829,123944,00,00,56,0b7bee89-21aa-43fe-b4bb-ba1efe9db043,topic未設定,M01-18-0046
20220829,160528,00,05,35,083f5e57-289c-41ef-bdaa-674e0608b18c,topic未設定,M01-18-0046
20220829,161445,00,12,42,2a25d869-b9ee-4cb7-b8fd-37365c30c78b,topic未設定,M01-18-0046
20220830,133459,00,01,13,6980691a-f623-4384-b008-f5bedaebc3bd,topic未設定,M01-18-0046
20220830,133721,00,22,37,69c9d1a7-8e76-4a1d-a5c5-60d80ef65427,topic未設定,M01-18-0046
20220908,112042,00,00,19,ee0f0b9d-d60d-454c-b6e6-f0ce91338c57,topic未設定,M01-18-0046
20220908,115110,00,00,15,92df3f0f-1d87-421e-a9b8-b8104a0c07ed,topic未設定,M01-18-0046
20220908,115141,00,00,03,8c7f3385-0ad4-439f-afde-fea1d742c659,topic未設定,M01-18-0046
20220908,115200,00,00,36,4e332e59-b4b4-4036-a9d0-e019d6e00814,topic未設定,M01-18-0046
20220908,115335,00,00,16,56619bcd-4d51-4287-9205-e95b5bd7b273,topic未設定,M01-18-0046
20221018,122800,00,00,07,b72eb5d2-bfc9-4114-954e-f26a3a79e3e6,topic未設定,M01-18-0046
20221026,124039,00,01,34,4df3406e-17bf-47fd-abe5-642d1f257c7e,topic未設定,M01-18-0046
20221026,145510,00,03,42,957ab113-1506-44cd-990c-d54bae110588,topic未設定,M01-18-0046
20221026,151120,00,03,56,ab96f002-2593-4e74-a5ce-0cec074560a7,topic未設定,M01-18-0046
20221026,151657,00,14,15,d6294c9f-c941-4ba5-af43-55b48ccfeea7,topic未設定,M01-18-0046
20221026,153819,00,18,59,ee45541c-98ce-4a95-b22d-8e10befa4a78,topic未設定,M01-18-0046
20221105,144242,00,24,30,e7de71c6-4be4-4fec-b5d6-6410c1baf6c7,topic未設定,M01-18-0039
20221105,144242,00,25,03,73f6823b-0858-4ae0-8659-596de67f82d2,topic未設定,M01-18-0072
20221105,144242,00,25,04,1cbc8572-04a1-4671-835d-2a5af06e48a3,topic未設定,M01-18-0054
20221105,151329,00,24,16,dcbf172b-4c5c-4f5a-bce6-d9c01b8f9812,topic未設定,M01-18-0039
20221105,151329,00,24,52,c7531fd5-cecb-40a5-8727-f91200c26d76,topic未設定,M01-18-0072
20221105,151329,00,24,54,f2271489-ff46-4146-8433-b637b1e6ca4b,topic未設定,M01-18-0054
20221105,155630,00,08,19,6cf0413e-3171-4c9d-9189-d4407d325d67,topic未設定,M01-18-0054
20221105,155630,00,08,36,1a4ddb50-0ca0-4ef8-bb5a-ab253270fb2f,topic未設定,M01-18-0039
20221105,155630,00,08,41,8237c433-0a54-4022-b981-d53f56a600f4,topic未設定,M01-18-0072
20221105,160802,00,21,18,1197ac69-341d-4525-aba0-4f1651ce4920,topic未設定,M01-18-0039
20221105,160802,00,21,49,001ab9f1-4745-4d10-837d-36cd123aa755,topic未設定,M01-18-0072
20221105,160802,00,21,49,ededc3e7-0dca-45fa-95d7-009f9148bb45,topic未設定,M01-18-0054
20221205,111129,00,02,45,f54b52d6-961e-4c32-8010-7aebb5a5c1b8,topic未設定,M01-18-0046
20221205,112643,00,03,34,61c412b8-747c-41a4-90d7-48f846367cb8,topic未設定,M01-18-0046
20221205,113214,00,00,48,240de3a3-a7c7-4f82-8da4-5d800f1ec7b7,topic未設定,M01-18-0046
20221205,113332,00,00,28,c5739665-50d2-46e3-afbc-b2c92fbaf669,topic未設定,M01-18-0046
20221205,113440,00,21,30,523858e8-5f93-4fed-9945-1ceecc630a71,topic未設定,M01-18-0046
20221205,133038,00,01,33,299d734c-35d3-4401-8d25-d0245375b40d,topic未設定,M01-18-0046
20221205,133839,00,02,20,57b39a65-2831-46c3-893a-f4cbf4b99818,topic未設定,M01-18-0046
20221206,181739,00,00,56,8edc6153-d0d7-4928-bcd2-ebb38a3f1c9a,topic未設定,M01-18-0046
20221206,181851,00,00,52,a2c13131-3405-4b5a-a4cc-0e9261321788,topic未設定,M01-18-0046
20221206,185043,00,00,41,dc235334-93db-42ad-9fe9-5c3070fa9675,topic未設定,M01-18-0046
20221206,185144,00,00,35,a11357fb-4e24-4e34-9891-234f963f518b,topic未設定,M01-18-0046
20221206,185426,00,01,41,d8eae5fa-51fb-47f6-9cc3-35f0ed437322,topic未設定,M01-18-0046
20221206,185651,00,00,33,910ce6a5-2976-4a88-b302-45b00572f9cf,topic未設定,M01-18-0046
20221206,185756,00,00,20,07be0c9c-f1a7-4804-956b-efb3a46e7076,topic未設定,M01-18-0046
20221207,140441,00,29,10,0f2b8c5d-2b21-42dd-95de-f782aae925b9,topic未設定,M01-22-0135
20221207,140441,00,29,12,2688f90a-f442-4ce8-9122-526b9ad29878,topic未設定,M01-18-0094
20221207,140441,00,29,12,589abfa1-302e-4ac4-8205-32e6c95156f9,topic未設定,M01-18-0085
20221207,140441,00,29,12,7f60b531-8baf-433a-aaa8-6284ef9f5583,topic未設定,M01-18-0090 
20221207,140441,00,29,12,9acc46f8-8bd6-4fcd-9698-9bdcf657e494,topic未設定,M01-18-0092
20221207,140441,00,29,12,d02f1a1e-cc0e-4539-90f0-9e9bed228a2b,topic未設定,M01-18-0046
20221207,140441,00,29,12,f67bdd2e-e4a7-49f5-9c29-14f1b6f21378,topic未設定,M01-18-0095
20221207,140441,00,29,13,fa233de9-ae26-468b-8066-3a5b3c2d80b4,topic未設定,M01-18-0069
20221207,144023,00,29,25,13590050-a402-4b2b-a6c3-a6b1059f2c58,topic未設定,M01-18-0085
20221207,144023,00,29,25,1904b23e-d0da-4aab-8a48-34b5b4e05405,topic未設定,M01-18-0069
20221207,144023,00,29,25,2ffb53fb-c628-487c-9f31-ffc4f6fbfe97,topic未設定,M01-18-0092
20221207,144023,00,29,25,77439da3-dcd9-42fa-af53-942afc633983,topic未設定,M01-18-0095
20221207,144023,00,29,25,8c9323ee-4194-4a8e-8bb5-04c431dbd8d9,topic未設定,M01-18-0046
20221207,144023,00,29,25,f04387a3-4cca-45e0-93ab-17057247baa2,topic未設定,M01-18-0090 
20221207,144023,00,29,26,84f7d3a4-4cb7-45d7-b4be-ae20da96bdce,topic未設定,M01-18-0094
20221207,144023,00,29,28,c5fb270d-2f79-41b3-95d7-0d4eef989c3c,topic未設定,M01-22-0135
20221217,100213,00,41,19,7293a42f-114b-4c96-a532-d546a241de36,topic未設定,M01-18-0069
20221217,100213,01,06,09,1e2adcf5-c3c2-4dfe-9e55-c94089f4e40a,topic未設定,M01-18-0046
20221217,100213,01,06,09,26781d2e-cbf8-480a-951d-361aa6afd485,topic未設定,M01-18-0090 
20221217,100213,01,06,09,5e031dd7-4187-45ca-a63a-bc9d9cb8ff81,topic未設定,M01-18-0085
20221217,100213,01,06,09,e6a5dcfa-0666-4bdf-ba48-b4b8678a9388,topic未設定,M01-18-0094
20221217,104354,00,24,29,a1f0a269-5160-4be4-85ca-bb9ccc3c0f10,topic未設定,M01-18-0069
20230116,121120,00,00,10,05b88e7f-72d3-4f89-acd6-b4f0355476b1,topic未設定,M01-18-0092
20230129,104422,00,04,36,46f0822c-9df8-403b-8688-3715f63ecd0a,かわにしミライ会議,M01-18-0046
20230129,104422,00,04,36,eab4afd4-617c-42f6-b236-90102f74e300,かわにしミライ会議,M01-18-0094
20230129,105629,00,07,09,82e17808-e986-45c4-805d-a4d001fd9d50,かわにしミライ会議,M01-18-0094
20230129,105629,00,07,09,f0c3d40c-d6c7-4898-b954-2f05129e5c82,かわにしミライ会議,M01-18-0046
20230129,111433,00,07,12,dd97fbe2-8a3a-45b8-8858-1cf1c158a457,かわにしミライ会議,M01-18-0094
20230129,111433,00,07,14,d68dbaa0-3aac-422c-b787-e7c651997549,かわにしミライ会議,M01-18-0046
20230129,112208,00,36,50,b57d60fe-dd5b-40bb-a262-22e8997b707c,かわにしミライ会議,M01-18-0046
20230129,112208,00,36,50,c7064414-09df-488d-a871-9ae9a552598f,かわにしミライ会議,M01-18-0094
20230129,120250,00,07,23,67863bed-644c-4281-8f66-013cdce1c415,かわにしミライ会議,M01-18-0046
20230129,120250,00,07,23,6becbe54-63ee-4ccd-b49d-a6bde5df5f12,かわにしミライ会議,M01-18-0094
20230129,153828,00,04,07,a6872b91-c9fe-45f5-82a0-9b960d532a2c,かわにしミライ会議,M01-18-0046
20230129,153828,00,04,07,bcdb1c5b-a712-433d-8336-7cde8c28491a,かわにしミライ会議,M01-18-0094
20230129,155510,00,05,01,1f70a0ef-ef8a-4305-a668-fdd64452fba1,かわにしミライ会議,M01-18-0094
20230129,155510,00,05,01,c627752a-88e5-4c93-ac1a-975c9c30a16c,かわにしミライ会議,M01-18-0046
20230129,161117,00,48,47,5bbbfa01-f22c-40d7-a7fc-cb1b2a10f5d8,かわにしミライ会議,M01-18-0094
20230129,161117,00,48,47,a7c85d73-dc15-413e-a1bc-392ad829d8e5,かわにしミライ会議,M01-18-0046
20230129,170505,00,10,08,aa53b896-704f-466b-9f0d-8f278d53aa89,かわにしミライ会議,M01-18-0094
20230129,170505,00,10,09,ae7112e6-5f6c-4106-aca0-b843d9aa03c4,かわにしミライ会議,M01-18-0046
20230204,102146,00,03,02,49917d1f-6e93-43af-b414-2e4d0b398714,かわにしミライ会議,M01-18-0046
20230204,102146,00,03,03,1fe9d1a2-5734-42d2-9fb2-49a043f53cd7,かわにしミライ会議,M01-18-0092
20230204,102146,00,03,05,b60f3a2e-4b2f-4dee-a587-e0031bc37b0c,かわにしミライ会議,M01-18-0094
20230204,102659,00,03,50,ec3a7033-35a1-40f9-bb9b-9153acc67ff4,かわにしミライ会議,M01-18-0046
20230204,102659,00,03,51,95a33217-3738-460d-997e-77b98ae5e647,かわにしミライ会議,M01-18-0092
20230204,102659,00,03,51,d31f03c9-4d89-4a04-ac57-3f3576307e8f,かわにしミライ会議,M01-18-0094
20230204,103903,00,04,12,46c4d136-6873-4564-8e21-5ace7b6ee8fd,かわにしミライ会議,M01-18-0094
20230204,103903,00,04,12,b4cb5f3a-52e0-4c03-aa32-bfde0a622b16,かわにしミライ会議,M01-18-0046
20230204,103903,00,04,12,f5cb8958-a687-4c05-89de-f0f9294d77ca,かわにしミライ会議,M01-18-0092
20230204,104756,00,45,15,abb5c84f-cc6e-4fe6-b1f1-5b6ef5d6c713,かわにしミライ会議,M01-18-0094
20230204,104756,00,45,15,b434d29f-17c7-4ecc-8170-aa6b4fa66622,かわにしミライ会議,M01-18-0092
20230204,104756,00,45,15,fabea8a1-7747-4ec3-a8c1-0448f61a86d8,かわにしミライ会議,M01-18-0046
20230204,114354,00,18,18,0b18be44-6d89-4ab9-8222-45d6f6b4d393,かわにしミライ会議,M01-18-0046
20230204,114354,00,18,18,af414a88-a624-49d8-9c46-c95b2f4fbbd7,かわにしミライ会議,M01-18-0094
20230204,114354,00,18,18,e0da1c1f-cc7f-4e13-b91a-34884a8fcbfc,かわにしミライ会議,M01-18-0092
20230204,120508,00,06,48,44583903-c629-4709-891f-1339a1e66482,かわにしミライ会議,M01-18-0094
20230204,120508,00,06,49,d5258877-85ee-4572-b4e0-392abccf5676,かわにしミライ会議,M01-18-0092
20230204,120508,00,06,49,ff9a8f6d-4282-4048-971d-83c7eceddcbf,かわにしミライ会議,M01-18-0046
20230204,152316,00,03,42,47af8730-fd22-4ff6-9c48-7903f9d86216,かわにしミライ会議,M01-18-0092
20230204,152316,00,03,42,be5a14fb-c16c-4fe9-b8cd-be41f8b88284,かわにしミライ会議,M01-18-0046
20230204,152316,00,03,44,dcf0c1c2-55eb-4f7e-8b95-c05791603d62,かわにしミライ会議,M01-18-0094
20230204,152939,00,04,14,66657eb2-a9d0-40e9-9c1c-ff0378160d44,かわにしミライ会議,M01-18-0094
20230204,152939,00,04,24,cd335ba5-5fe9-4c65-ac11-728fba14fc6e,かわにしミライ会議,M01-18-0046
20230204,152939,00,04,24,f25b53d3-6220-40e7-93b7-c0893d3f20ca,かわにしミライ会議,M01-18-0092
20230204,153855,00,05,05,171652bb-b3aa-4e28-b381-d4a41d0bb2d2,かわにしミライ会議,M01-18-0092
20230204,153855,00,05,05,6007d9d1-9a77-446a-9e16-387c19468818,かわにしミライ会議,M01-18-0094
20230204,153855,00,05,05,d1b82d73-61a4-4b9e-96ee-33f77f90c932,かわにしミライ会議,M01-18-0046
20230204,154922,00,51,39,a86d9a0f-8fd5-4f7e-8bdc-f42062f038ff,かわにしミライ会議,M01-18-0092
20230204,154922,00,51,41,dd420570-6611-4aae-88dc-d3a5b0eed701,かわにしミライ会議,M01-18-0094
20230204,154922,00,51,41,f535ea8a-b5d3-439c-afd0-69345e7f3016,かわにしミライ会議,M01-18-0046
20230204,165143,00,29,27,e2a335ac-dbdb-4494-b382-d5a594dfb1ff,かわにしミライ会議,M01-18-0092
20230204,165143,00,29,29,140646ff-0d82-4843-a6e9-5e35067eb327,かわにしミライ会議,M01-18-0046
20230204,165143,00,29,29,ca91db73-a763-4fd6-ab7f-3d084556ffbf,かわにしミライ会議,M01-18-0094
20230305,104101,00,16,46,00d732b6-9ff5-46dc-aae5-92386cf0df25,かわにしミライ会議,M01-18-0092
20230305,104101,00,16,46,2e1bae75-a00e-4fb9-95a6-096f5fb93c2a,かわにしミライ会議,M01-18-0090
20230305,104101,00,16,46,328b9a29-54a8-4164-900c-31823adf0e87,かわにしミライ会議,M01-18-0046
20230305,104101,00,16,46,ee009e03-e847-476f-b05d-9b906cbc4ca3,かわにしミライ会議,M01-18-0094
20230305,110132,00,02,15,eb4830e3-cb0c-4ab2-b1da-bb9ea0865c42,かわにしミライ会議,M01-18-0090
20230305,110132,00,02,25,7937d8e9-a487-4ead-ba46-ab601c5ff004,かわにしミライ会議,M01-18-0094
20230305,110132,00,02,25,ee98a924-1bed-4740-b0c6-ca43e783af36,かわにしミライ会議,M01-18-0046
20230305,110132,00,02,31,16628d98-8e4b-4f22-b0d2-6e6136652eef,かわにしミライ会議,M01-18-0092
20230305,110948,00,20,21,2e372d72-a4f4-4fc4-abb3-0829ac7fa1a5,かわにしミライ会議,M01-18-0094
20230305,110948,00,20,21,66085b96-6663-46f9-9ac4-f707688d7e89,かわにしミライ会議,M01-18-0092
20230305,110948,00,20,21,cff3ed3c-d369-46c6-b016-fbeb1c8b864c,かわにしミライ会議,M01-18-0090
20230305,110948,00,20,31,83a9ffa8-df9d-4aee-873c-50c68fed636d,かわにしミライ会議,M01-18-0046
20230305,113110,00,16,16,d03a0186-c5aa-4c3e-8275-3d5a06825d5c,かわにしミライ会議,M01-18-0092
20230305,113110,00,16,26,095e758e-da86-4d50-8546-21da69a27131,かわにしミライ会議,M01-18-0090
20230305,113110,00,16,26,709e6eca-87ec-4731-bc33-1ff58772c547,かわにしミライ会議,M01-18-0046
20230305,113110,00,16,30,6165b3b0-ed4f-4214-8899-8067fb671492,かわにしミライ会議,M01-18-0094
20230330,211037,00,00,55,4b03adbf-6efa-4e33-a019-0fc901806767,石塚テスト,石塚のテスト
20230703,114829,00,01,25,3c9686a4-147c-4b49-b6d2-171b0084fe3e,佐藤テスト,石塚のテスト
20230703,132431,00,01,50,27563f52-0978-4eed-9286-90f4426b2aa7,佐藤テスト,石塚のテスト
20230703,135130,00,01,37,1446cfb0-a040-441b-9f31-170ce1a9c248,佐藤テスト,石塚のテスト
20230705,111031,00,01,49,0a62379f-23a9-4173-bc0a-164befbbb230,佐藤テスト,石塚のテスト
20230705,111254,00,01,42,d4158036-d73e-4542-9b92-109b7c4e28de,佐藤テスト,石塚のテスト
20230726,111100,00,02,15,df806b9d-b64e-45a1-860e-c085425a12a3,佐藤テスト,石塚のテスト
20230726,112539,00,02,27,0699018f-4e53-40df-a1fb-2424133a0e97,佐藤テスト,石塚のテスト
20230825,155943,00,12,36,623e2c55-e6f3-4003-b90b-f15f501eefe9,第2回広域連携に関する研究会（名古屋市）,M01-22-0100
20230825,155943,00,12,37,5d58cf68-68b8-4c59-ba8a-5d174c39ed0b,第2回広域連携に関する研究会（名古屋市）,M01-22-0098
20230825,155943,00,12,37,82b4d834-49b3-4ffe-9df1-0a1da2043ecc,第2回広域連携に関する研究会（名古屋市）,M01-22-0103
20230825,155943,00,12,37,84282570-4335-4cf4-869f-0c21e10f2313,第2回広域連携に関する研究会（名古屋市）,M01-22-0101
20230825,155943,00,12,37,8f6b8e44-ff4c-4740-a176-0dcd21909021,第2回広域連携に関する研究会（名古屋市）,M01-22-0099
20230825,161440,00,11,37,6148f219-d119-445e-bfd0-d949aa097e84,第2回広域連携に関する研究会（名古屋市）,M01-22-0101
20230825,161440,00,11,37,6fd40eeb-9709-401a-b1e5-092b6f5308f7,第2回広域連携に関する研究会（名古屋市）,M01-22-0099
20230825,161440,00,11,37,9273a809-05c1-4137-b30b-414923ecc986,第2回広域連携に関する研究会（名古屋市）,M01-22-0100
20230825,161440,00,11,37,d1222ef7-5514-47e7-a950-57ebe8e73a03,第2回広域連携に関する研究会（名古屋市）,M01-22-0098
20230825,161440,00,11,37,dc80801f-86a2-4442-bbea-5fecdbbe8ff9,第2回広域連携に関する研究会（名古屋市）,M01-22-0103
20230825,163136,00,09,18,117dadf1-2884-4599-a64d-8377aec285ec,第2回広域連携に関する研究会（名古屋市）,M01-22-0098
20230825,163136,00,09,18,34e30edc-f7aa-4135-9481-10ad1665bab4,第2回広域連携に関する研究会（名古屋市）,M01-22-0101
20230825,163136,00,09,18,39ecd119-fa4b-4c86-ab8c-9f612add9870,第2回広域連携に関する研究会（名古屋市）,M01-22-0099
20230825,163136,00,09,18,4a08b936-d17e-40af-9b5a-2b09cf879b67,第2回広域連携に関する研究会（名古屋市）,M01-22-0103
20230825,163136,00,09,18,9c880b83-fc48-46e6-9612-ce5ea6618a86,第2回広域連携に関する研究会（名古屋市）,M01-22-0100
20230825,164422,00,10,28,2d7f88e3-d0e0-4186-bdba-c761a5a38f8c,第2回広域連携に関する研究会（名古屋市）,M01-22-0098
20230825,164422,00,10,28,8d49ce91-77dc-4a44-b769-06116e8824b0,第2回広域連携に関する研究会（名古屋市）,M01-22-0103
20230825,164422,00,10,28,a60b74dc-70b6-4413-a407-77df71a49487,第2回広域連携に関する研究会（名古屋市）,M01-22-0099
20230825,164422,00,10,28,b5ac4342-2218-42bc-8097-562656482449,第2回広域連携に関する研究会（名古屋市）,M01-22-0100
20230825,164422,00,10,28,cda997c9-2a4e-4d9f-893a-a4485f8aa9e1,第2回広域連携に関する研究会（名古屋市）,M01-22-0101
20230825,165539,00,01,53,1009c932-6f1f-416f-b807-a3dcfeccfd3f,第2回広域連携に関する研究会（名古屋市）,M01-22-0101
20230825,165539,00,01,53,1efdc0e8-bd59-45fa-be79-417b0d7e37a2,第2回広域連携に関する研究会（名古屋市）,M01-22-0103
20230825,165539,00,01,53,74378f86-25b5-4ad4-8d16-6fffe09463b1,第2回広域連携に関する研究会（名古屋市）,M01-22-0100
20230825,165539,00,01,53,e0454bdd-78d5-4c0c-ac5c-7922aa80a9fe,第2回広域連携に関する研究会（名古屋市）,M01-22-0099
20230825,165539,00,01,53,fd8c6872-3af3-42b8-b01c-2b6fbec027e1,第2回広域連携に関する研究会（名古屋市）,M01-22-0098
20230825,170002,00,08,43,19859f10-3d24-4d04-a13c-586c91827fc9,第2回広域連携に関する研究会（名古屋市）,M01-22-0099
20230825,170002,00,08,52,032bf930-54be-46c8-ab65-1a961b0d1be8,第2回広域連携に関する研究会（名古屋市）,M01-22-0098
20230825,170002,00,08,52,82f36e7e-82a8-45f2-9754-308d885c327e,第2回広域連携に関する研究会（名古屋市）,M01-22-0103
20230825,170002,00,08,52,d6881ff5-2304-44d5-8362-131475260c5d,第2回広域連携に関する研究会（名古屋市）,M01-22-0100
20230825,170002,00,08,53,bceddc9e-f730-46cf-af36-13da7c953585,第2回広域連携に関する研究会（名古屋市）,M01-22-0101
20240208,143830,00,02,18,3bbd3092-63d5-47eb-8cb5-a266d554f4cb,2月19日公民連携に関するワークショップ,group,1
20240208,150103,00,01,15,14b0ef10-8947-4ea7-862c-7ce881b73291,2月19日公民連携に関するワークショップ,group,1
20240208,150745,00,01,53,e09c825d-d5a1-4772-acfa-85593ad71c06,2月19日公民連携に関するワークショップ,group,1
20240208,151334,00,03,40,a42e2438-c1cc-4f6c-8676-9d4fe0dc52fb,2月19日公民連携に関するワークショップ,group,1
20240208,151759,00,11,36,d8e9d0e2-da17-4cb3-9826-052d1dc9674d,2月19日公民連携に関するワークショップ,group,1
20240208,153201,00,02,43,b2f079b4-d148-4404-bcd2-209dfb12464c,2月19日公民連携に関するワークショップ,group,1
20240208,161049,00,03,48,c53ed8d6-3a56-4184-b189-d34be338b279,2月19日公民連携に関するワークショップ,group,1
20240208,161733,00,07,12,60932959-ffa4-418a-84a7-910884888cde,2月19日公民連携に関するワークショップ,group,1
20240209,105119,00,03,20,b5324691-da13-4782-999f-c64a80f9ac4c,2月19日公民連携に関するワークショップ,group,1
20240209,110956,00,03,54,3b64862b-ebe5-4d23-b0a9-2b1fd9dead71,2月19日公民連携に関するワークショップ,group,1
20240209,131118,00,13,02,5ac94344-48e7-4c46-822b-27bd383a29c4,2月19日公民連携に関するワークショップ,group,1
20240209,135418,00,05,52,4f96e063-b90e-43f4-9ab1-39f094384162,2月19日公民連携に関するワークショップ,group,1
20240215,124513,00,00,48,1745c7fa-bd27-4892-af81-4326fbc02aa7,2月19日公民連携に関するワークショップ,group,6
20240215,124801,00,02,02,d238680c-369a-4d8e-872d-d22352505f63,2月19日公民連携に関するワークショップ,group,6
20240215,130736,00,08,35,8c268f84-ca1a-4132-b337-b51c864c2fa5,2月19日公民連携に関するワークショップ,group,6
20240215,153310,00,06,33,4dc78094-7751-4512-9768-243494fadbb5,2月19日公民連携に関するワークショップ,group,6
20240215,170724,00,07,05,832dce73-91f3-494c-b891-809cf904faa6,2月19日公民連携に関するワークショップ,group,6
20240215,171509,00,02,59,76c477de-8ea4-409a-9927-d62b86e5d168,2月19日公民連携に関するワークショップ,group,6
20240216,083406,00,03,34,4b0b3181-8ebe-4f33-9b53-a00a73c4a739,2月19日公民連携に関するワークショップ,group,3
20240216,103102,00,20,55,9433a7fa-ad20-40a5-a946-c5fcd2426037,2月19日公民連携に関するワークショップ,group,3
20240216,110056,00,03,00,0b05b1fc-bcfc-4d66-a284-39a166e79598,2月19日公民連携に関するワークショップ,group,3
20240216,112046,00,01,51,75435055-fd5e-4695-94e4-e0b4d30601d5,2月19日公民連携に関するワークショップ,group,3
20240216,152019,00,07,30,eebbb695-786c-4934-836d-6e1f05f0cbea,2月19日公民連携に関するワークショップ,group,6
20240219,110037,00,01,10,57a5e60a-ead6-4391-8edd-47f1704262cc,topic未設定,group,4
20240219,110037,00,01,10,67f48fb1-61e0-4ebd-839e-0ea3e55bf1eb,topic未設定,group,3
20240219,110037,00,01,10,808a22f8-a6ad-4297-ad43-05f1ce687f75,topic未設定,group,5
20240219,110037,00,01,20,227dd5e8-63de-4f6c-bdb5-f61857bb26c3,topic未設定,group,2
20240219,110108,00,00,47,0ba91497-5ad8-4c87-91b9-6d66d244e0e4,topic未設定,group,6
20240219,110108,00,00,47,50f16fb7-7728-4746-bae6-d7a8e54ab598,topic未設定,group,1
20240219,110341,00,01,02,05400b1a-4eca-4d1c-a7b4-1cc60b7b651b,topic未設定,group,3
20240219,110536,00,07,14,2b59a544-8ea8-42be-8eb6-822d70c59157,topic未設定,group,1
20240219,110536,00,07,14,47e61de2-fd47-4315-a309-0252eb6d3c75,topic未設定,group,3
20240219,110536,00,07,14,7ba81dcf-bcd6-42ff-851e-fe4f6668fae8,topic未設定,group,2
20240219,110536,00,07,14,86883715-291c-4f0a-8954-e6097045179c,topic未設定,group,6
20240219,110536,00,07,14,db00f439-1272-430a-8635-aadc02f3005b,topic未設定,group,5
20240219,110536,00,07,14,eb928916-fa3e-4f43-a226-aa96ed2a0b6c,topic未設定,group,4
20240219,111511,00,00,41,52a2fa04-0a72-41de-89f6-75e6043778a3,topic未設定,group,1
20240219,111511,00,00,41,cc14ad41-73c9-43a5-b020-02c11cf0ba5b,topic未設定,group,6
20240219,111511,00,00,41,f0013568-d070-4b0e-ba51-10e791f9a400,topic未設定,group,2
20240219,111511,00,00,51,bdaea0d2-32f2-4fdf-a8ce-668eb8aace59,topic未設定,group,5
20240219,111511,00,00,51,d57b191c-f180-4cfe-80a5-3d2e652021f8,topic未設定,group,3
20240219,111511,00,00,52,6a348cc0-5183-4cab-9352-15bcf58975e9,topic未設定,group,4
20240219,152634,00,09,32,bd0f0a25-5755-4432-8aa1-2775c9a590dc,topic未設定,group,6
20240219,152634,00,21,50,0c3925df-d411-4c3e-a46b-d525f5337cde,topic未設定,group,1
20240219,152634,00,21,55,7789995a-115b-43a3-a50b-3de992b41f10,topic未設定,group,5
20240219,152634,00,21,56,64fae6eb-7f4d-4571-ae09-2f06558b3825,topic未設定,group,4
20240219,152634,00,21,56,acfddf4f-a0d1-4795-aad9-28c91dc11e31,topic未設定,group,3
20240219,152634,00,21,57,101dafff-34c7-4916-a0c0-91deb26a6222,topic未設定,group,2
20240219,153649,00,11,49,75905159-6c14-4f54-8958-52aa8d5791f0,topic未設定,group,6
20240219,155527,00,16,27,1f902f59-cda2-4308-94d5-1e7bcf239981,topic未設定,group,4
20240219,155527,00,16,27,487101e4-84e0-428b-b07c-e9708698efb0,topic未設定,group,6
20240219,155527,00,16,27,d2d7e5be-2429-40b1-8a20-dca0a244c6a6,topic未設定,group,3
20240219,155527,00,16,28,119a4ae1-3964-4e64-b50c-26dc229eeecb,topic未設定,group,1
20240219,155527,00,16,28,a3f44832-0556-447e-8086-3015911cb40d,topic未設定,group,2
20240219,155720,00,14,41,5f275c90-95fd-4401-aa44-0e08d3e0c3ff,topic未設定,group,5
20240219,162116,00,12,39,31ccf94e-fa29-466e-906b-22781cef09f2,topic未設定,group,3
20240219,162116,00,12,39,5a7df594-6841-47dd-b47b-5ec4c4eacf7e,topic未設定,group,2
20240219,162116,00,12,40,52ac6973-9b6e-4b68-8398-60f88808a1c7,topic未設定,group,1
20240219,162116,00,17,12,00a848c6-1067-45fb-ba3c-17f6f55b3654,topic未設定,group,4
20240219,162116,00,17,12,2a0172ea-3774-4a6b-b972-c15f78ba5f36,topic未設定,group,5
20240219,162116,00,17,12,4abae58e-35eb-474b-ad15-14cd6daa2473,topic未設定,group,6
20240219,163413,00,04,17,4907ca93-eb94-4d55-ab88-bc111881bdf3,第2回広域連携に関する研究会（名古屋市）,group,2
20240219,163413,00,04,17,ea7545fe-ff1b-4d79-9d9d-cecf9c54b0e5,第2回広域連携に関する研究会（名古屋市）,group,3
20240219,163413,00,04,26,6fbe6fb2-3713-4092-a775-9fe4f4149997,第2回広域連携に関する研究会（名古屋市）,M01-18-0046
20240423,132213,00,02,07,0118a8c5-0954-4657-848e-45703c4d07fb,topic未設定,sunaba,test
20240424,092308,00,06,15,03ce7647-4028-45d2-a6ee-35865070347a,topic未設定,sunaba,0424
20240424,093056,00,02,16,2e0f56a4-da6e-4909-9e80-dc1d0ad6ad05,topic未設定,sunaba,0424
20240424,093631,00,06,50,2fc47920-9d71-4385-ba1c-c3b5d1c9ab50,topic未設定,sunaba,0424
20240424,094408,00,05,24,10a4c069-ce6b-44b2-9026-687951306209,topic未設定,sunaba,0424
20240424,094945,00,00,36,33dbd762-bbe7-4b27-bd44-8610901ca3f3,topic未設定,sunaba,0424
20240424,095105,01,27,11,7a4f3b3c-eb9d-4342-af2c-32ededad71f4,topic未設定,sunaba,0424
20240424,112023,00,45,56,50b96b2d-5839-4391-b9d8-51e3801cab54,topic未設定,sunaba,0424
20240424,122845,00,28,24,df600ec3-22eb-4818-97a1-1cd7c8029bb7,topic未設定,sunaba,0424
20240424,150432,00,59,20,b304d020-8a53-4ad6-9acb-69caaf570d26,topic未設定,sunaba,0424
20240603,124756,00,00,48,96518da9-3a66-4253-8629-a87ba44be2b0,From Hylable SDK,group未設定
20240603,141239,00,00,13,7861688d-d784-494c-926c-1625b44bbf41,From Hylable SDK,group未設定
20240603,142427,00,00,09,e469ad02-f419-43b2-87fb-d0fb80124637,From Hylable SDK,group未設定
20240604,130703,01,05,49,8d43641c-cff1-4ab3-a098-4e968339c058,2月19日公民連携に関するワークショップ,M01-18-0046
20240604,141724,00,59,30,30532914-3513-4814-aa4e-e48a43c76eee,2月19日公民連携に関するワークショップ,M01-18-0046
20240605,133305,00,48,38,8a831f5f-1c67-4497-ab1f-4990c68de8f9,topic未設定,M01-18-0046
20240605,151058,01,41,51,abd8591e-eb5b-4f32-a008-a950936e6ec3,topic未設定,M01-18-0046
20240608,151117,00,00,10,a05f7ec3-3dbd-45e0-9ca4-88fa0acd7fc5,topic未設定,M01-18-0046
20240608,151217,00,04,57,710d3bdf-1f40-4102-811c-71c10a11be3a,災害復興三者連携のための情報共有会議（ロールプレイ）,M01-18-0046
20240608,151730,00,04,28,47f574bc-c963-4980-8fdf-1b214cbf1348,災害復興三者連携のための情報共有会議（ロールプレイ）,M01-18-0046
20240608,152848,00,13,38,defaa5c1-f325-4548-82ca-21240b2598b4,災害復興三者連携のための情報共有会議（ロールプレイ）,M01-18-0046
20240608,154653,00,21,01,6734982c-1a64-45f6-a534-4b11179b0875,災害復興三者連携のための情報共有会議（ロールプレイ）,M01-18-0046
20240610,130252,01,18,49,ad2dcde6-b26a-4bf8-a248-d36c5638fce9,佐賀市Pjの打ち合わせ,M01-18-0046
20240612,100731,01,05,35,4ce9cdea-b142-4d4f-9529-65865f8abefb,From Hylable SDK,group未設定
20240612,111947,00,39,03,3a4b81c7-962a-404f-a888-794f42090fa0,From Hylable SDK,group未設定
20240612,130737,00,10,22,7af6294f-213b-4dad-a206-7c87b496d4e8,From Hylable SDK,group未設定
20240619,132414,01,19,38,65ee2fae-1dcf-4bbe-815b-1d5d317aaf83,2月19日公民連携に関するワークショップ,M01-18-0046
20240619,145331,01,27,06,4f4f3237-a7ba-4d5d-9ae9-55bab3af3a71,2月19日公民連携に関するワークショップ,M01-18-0046
20240626,153410,00,51,51,f1e6a45b-3b4c-4de4-9f21-f5818a152a73,週報240626,M01-18-0046
20240628,100558,01,09,45,1a39058a-20b9-4760-983b-107212bfeb6d,topic未設定,M01-18-0046
20240628,131153,00,44,52,dc72b7a5-e4f2-40dd-b8f3-37f9ceb7e0ad,topic未設定,M01-18-0046
20240702,123815,00,04,24,81c7376e-7eb1-4b6e-9a70-389969b7a221,topic未設定,M01-18-0046
20240708,142756,00,02,17,72a3eeb9-20dd-4a6c-b4e5-fc4179e24725,Hatch Meets UP! チェックイン,T6②
20240708,142756,00,02,17,c940e108-569c-4484-8449-3739f6142071,Hatch Meets UP! チェックイン,T4⑥
20240708,142756,00,02,18,800568c0-91f6-4020-b8d6-dc40abb5edd3,Hatch Meets UP! チェックイン,T15⑮
20240708,142756,00,02,19,6a0711d0-3599-47f3-b954-daf9a6c832df,Hatch Meets UP! チェックイン,T8③
20240708,142756,00,02,20,30f41274-43f0-4a4b-aad8-f51084053379,Hatch Meets UP! チェックイン,T10⑧
20240708,142756,00,02,26,7cbf9f86-51dc-43e6-b25a-b87ca4658cec,Hatch Meets UP! チェックイン,T14⑬
20240708,143037,00,06,00,6956b72a-f424-4664-a59f-26b3992839a0,Hatch Meets UP! チェックイン,T10⑧
20240708,143037,00,06,23,4264f917-3a84-4013-9911-4fed3bb04503,Hatch Meets UP! チェックイン,T14⑬
20240708,143037,00,06,23,76fe4c97-a211-4015-b7ef-1db1d266b1da,Hatch Meets UP! チェックイン,T4⑥
20240708,143037,00,06,23,cbc58350-1d46-46e7-b5ff-9a6b6b2c21e1,Hatch Meets UP! チェックイン,T15⑮
20240708,143037,00,06,23,d8fb8a65-e807-47dc-ab1a-ff3f8cbc32d3,Hatch Meets UP! チェックイン,T6②
20240708,143037,00,06,28,acd98254-b30d-4705-9786-ea5ba67e79b9,Hatch Meets UP! チェックイン,T8③
20240708,144421,00,24,36,8c6b7b3f-3312-4478-9f15-280ee7de9889,Hatch Meets UP! 共有１,T13⑩
20240708,144421,00,24,53,49a17179-43c5-46fc-a390-009b2ae67781,Hatch Meets UP! 共有１,T10⑧
20240708,144536,00,24,36,c408400c-13c7-48a8-8bf1-c838c3b4d123,Hatch Meets UP! 共有１,T2⑫
20240708,144536,00,24,37,66a8f507-17b8-49aa-baa5-2171ee072fda,Hatch Meets UP! 共有１,T5⑤
20240708,144536,00,24,37,6d46ed8c-e38f-4b51-80d2-544f86bf0cc3,Hatch Meets UP! 共有１,T7①
20240708,144536,00,24,38,ef666f96-229d-4f17-bde4-df5535102ea1,Hatch Meets UP! 共有１,T8③
20240708,144536,00,24,39,90f8557e-f6ae-4500-ad0d-b9ea803def86,Hatch Meets UP! 共有１,T15⑮
20240708,144536,00,24,39,cec915e9-6226-4265-b04f-92b7c665a117,Hatch Meets UP! 共有１,T14⑬
20240708,144536,00,25,28,976b2811-381b-44de-b540-5faae5be03f2,Hatch Meets UP! 共有１,T6②
20240708,144738,00,22,38,9283a5cc-3181-4db6-8b55-55f94eefdcbb,Hatch Meets UP! 共有１,T11⑦
20240708,144936,00,20,41,4eee8ec3-75e7-4860-8ab1-d283dcc2dbf4,Hatch Meets UP! 共有１,T12⑨
20240708,151742,00,24,40,181813dd-2000-4cfe-96a4-04c46aa7a250,Hatch Meets UP! 共有２,T2⑫
20240708,151742,00,24,40,37db7077-fae1-432e-9928-b9d16e03d55b,Hatch Meets UP! 共有２,T14⑬
20240708,151742,00,24,40,7ce17a8b-538b-471f-8cca-e8eba86e4560,Hatch Meets UP! 共有２,T13⑩
20240708,151742,00,24,40,7f60fce4-18a8-406e-b06a-d4723d256a06,Hatch Meets UP! 共有２,T15⑮
20240708,151742,00,24,41,65c0585b-a544-45f5-9bee-91c51cbe72e6,Hatch Meets UP! 共有２,T8③
20240708,151742,00,24,41,70136eaa-45f3-4cfa-a269-7be9e85191f4,Hatch Meets UP! 共有２,T7①
20240708,151742,00,24,41,b828ef87-382e-4215-a55e-26d30e9b296a,Hatch Meets UP! 共有２,T5⑤
20240708,151742,00,24,42,7adb96d6-3b58-407c-8fa5-1804cda749a0,Hatch Meets UP! 共有２,T11⑦
20240708,151742,00,24,42,e20c1a0f-fc37-4937-a99a-c2a2d8471d95,Hatch Meets UP! 共有２,T10⑧
20240708,151742,00,24,43,56496e1b-349e-4974-a47e-78ae11ac9d73,Hatch Meets UP! 共有２,T12⑨
20240708,151742,00,24,43,d01c90f2-b501-4b8a-a8a7-a7bf915f7e1d,Hatch Meets UP! 共有２,T6②
20240708,155739,00,23,40,3e32991b-3371-4e99-bb2a-3d9ba19c0b83,Hatch Meets UP! 共有３,T9④
20240708,155739,00,23,48,05d1ee07-3725-44c0-b699-453a3b8cf597,Hatch Meets UP! 共有３,T5⑤
20240708,155739,00,23,48,34501e53-2417-465c-83e2-2002340f2dba,Hatch Meets UP! 共有３,T12⑨
20240708,155739,00,23,48,52cb2bae-828c-4ca4-9425-62ed177aa997,Hatch Meets UP! 共有３,T4⑥
20240708,155739,00,23,48,6dcc15c7-9ade-4ca1-b0dc-f4c40267fdaa,Hatch Meets UP! 共有３,T7①
20240708,155739,00,23,48,7c42b6a7-dfc0-4d5c-a636-2a42d019207c,Hatch Meets UP! 共有３,T3⑪
20240708,155739,00,23,48,849024e9-5880-4326-a89a-c9dee1dbbffe,Hatch Meets UP! 共有３,T11⑦
20240708,155739,00,23,48,8eb9400f-a6c1-4d9e-84dd-30a4a79ded6d,Hatch Meets UP! 共有３,T15⑮
20240708,155739,00,23,48,eb8a5d36-0dca-4c04-a3ab-e99b1d673400,Hatch Meets UP! 共有３,T14⑬
20240708,155739,00,23,49,823b1907-3773-497d-b9f1-44fe487507db,Hatch Meets UP! 共有３,T8③
20240708,155739,00,23,49,ea263691-a6f0-48ac-b905-c9e1f42f1cd2,Hatch Meets UP! 共有３,T13⑩
20240708,155739,00,23,51,620efa0d-8a65-4045-978b-ec554d0c8924,Hatch Meets UP! 共有３,T10⑧
20240717,152253,00,46,21,3f513451-94b2-43d8-8f81-e1216353b5ec,ゼミ240717,T7①
20240717,152253,01,10,30,22d2d66e-e09c-4029-a900-4870cb939c66,ゼミ240717,T10⑧
20240723,151455,00,20,10,d3329b39-b1ee-44be-b938-5619788f8d26,topic未設定,T8
20240723,151455,00,20,22,8377a516-3332-4cde-b15f-404fbd999b60,topic未設定,T15
20240723,151455,00,20,22,f67d273f-3037-4ee5-a017-3279ad521202,topic未設定,T9
20240723,151455,00,20,24,0b3daa07-9f4c-42b0-abda-400c5de9e034,topic未設定,T3
20240723,151455,00,20,24,2d2fdcce-c8f1-431b-8656-1e6ee3ea097a,topic未設定,T11
20240723,151455,00,20,24,65cba9a4-b1a4-4203-8436-6ffb21f5ca17,topic未設定,T2
20240723,151455,00,20,24,b458bdac-ac9b-4ffb-83fd-6849cd4fb56b,topic未設定,T12（フリー席で立ち話のテーブル）
20240723,151455,00,20,24,c033291d-dbda-4639-a96b-f251e9758656,topic未設定,T7
20240723,151455,00,20,25,c76ce906-8256-468e-8ad8-e1684372ceb6,topic未設定,T1
20240723,151455,00,20,26,b462df93-145e-435c-b311-1b4546502e5d,topic未設定,T10
20240723,151455,00,20,27,6c1ef58f-6251-465a-8360-ef4005289394,topic未設定,T6
20240723,153813,00,22,47,4e9627c0-faef-44e4-9432-4bbf7d6bd957,topic未設定,T6
20240723,153813,00,22,57,411f86ba-2f9d-4478-b544-c97544bab8ce,topic未設定,T9
20240723,153813,00,23,10,1dbd81a3-7dee-4d29-98db-4012518eefb9,topic未設定,T2
20240723,153813,00,23,10,76273c29-07bf-419b-bfb2-c7943d836968,topic未設定,T15（実証事業テーブル近くの臨時席）
20240723,153813,00,23,10,aa09a53c-72ce-420e-a12a-69e53f30ec22,topic未設定,T3
20240723,153813,00,23,10,d26906a5-8eb2-40cf-b700-8e8f9cd7fec3,topic未設定,T11
20240723,153813,00,23,10,e863ff4e-2b86-44a5-80e3-c44e7ece2bf1,topic未設定,T7
20240723,153813,00,23,10,ee8a7a86-6a4c-4dc2-9bec-17c042609b6c,topic未設定,T1
20240723,153813,00,23,10,fd43fa29-5536-49d3-ae06-24c30dadcd01,topic未設定,T12（フリー席で立ち話のテーブル）
20240723,153813,00,23,11,ac502cb3-13f5-43d7-a46c-985d5dc51cdf,topic未設定,T10
20240723,153813,00,23,12,df5f276e-7b4b-4481-b228-655a499e145b,topic未設定,T8
20240723,160239,00,22,34,ac6b3377-2d36-4835-b08a-d42785b0d1c4,topic未設定,T8
20240723,160239,00,22,36,ee4067b7-14cd-4f48-b6ec-f86c3042246d,topic未設定,T9
20240723,160239,00,22,43,5256bb45-9d00-462e-a60e-0c5a6e7d1b59,topic未設定,T12（フリー席で立ち話のテーブル）
20240723,160239,00,22,53,0548b916-625d-464c-8ccd-15f18a68c123,topic未設定,T1
20240723,160239,00,22,53,117ff050-4115-4e1b-86c7-999cf12eee5e,topic未設定,T15（実証事業テーブル近くの臨時席）
20240723,160239,00,22,53,3139200e-ede1-4caf-96ff-8e637e969ff7,topic未設定,T3
20240723,160239,00,22,53,4f25edc8-d04d-479e-b5b7-02dae49c8a25,topic未設定,T2
20240723,160239,00,22,53,73a15e4f-bd0d-4f06-a7c2-2875b539a79d,topic未設定,T11
20240723,160239,00,22,53,84d5720e-2131-4862-9968-f8bf32aeb261,topic未設定,T7
20240723,160239,00,22,54,4f4e3e03-4390-4f0c-851b-9bdcdd9423a2,topic未設定,T10
20240723,160239,00,22,58,7fa79fc6-f3f7-47ef-85c2-e4ef3d66c04b,topic未設定,T6
20240729,172844,00,01,45,c900b9aa-5eeb-4ac2-ba81-38ca231fddf2,topic未設定,T10
20240729,173134,00,06,23,789189b2-7798-4583-8dda-01eef6c5f149,topic未設定,T10
20240731,132324,00,17,10,dc0005da-55a1-4be3-a493-fa0f01db6418,topic未設定,T10
20240731,134357,00,12,13,ef892c3b-c4ed-4419-8b6f-ba05463cca17,topic未設定,T10
20240731,160628,00,00,31,2574dc3c-c223-46e4-9910-731a8805b482,ゼミ240717,T10
20240731,160628,00,18,18,f3ddab22-3db9-4e6a-8bff-9525745380e3,ゼミ240717,T15（実証事業テーブル近くの臨時席）
20240731,160905,00,15,45,0f803fca-ee72-40f1-b4e7-50b3b3a035f5,ゼミ240717,T3
20240801,130101,00,00,24,60c98c8b-2f41-45fe-9efa-115955b33cb8,topic未設定,T10
20240801,131352,00,00,51,31d736f6-c848-423c-8562-1015b8c6d665,topic未設定,T8
20240801,150942,01,15,10,461d92b3-645f-4bf9-a2c2-7c70d19f736d,topic未設定,T5
20240801,150942,01,15,50,0ba3e1b7-2685-417c-b95d-8d402ce7f8d4,topic未設定,T2
20240801,150942,01,15,50,5325eab3-0fff-4378-899b-4e943dd0b44b,topic未設定,T7
20240801,150942,01,15,51,847ec8ef-f82a-4805-843b-86fbe02628df,topic未設定,T4
20240801,150942,01,15,52,8a48f65b-7a95-4ead-bb00-4b0b22ef21db,topic未設定,T3
20240801,150942,01,15,53,19a64f2f-8b96-42fe-8d72-38381802f778,topic未設定,T1
20240801,150942,01,15,55,211887b7-1754-41bd-8916-e5c4326ae5c8,topic未設定,T8予備
20240801,150942,01,15,58,49498c3d-c4b1-42c1-be42-7a371579beaf,topic未設定,T8
20240801,150942,01,15,59,0e1a8a81-5160-4392-9aeb-f5889d25a76a,topic未設定,T6
20240802,153806,00,03,52,79e8360a-14c8-4764-afd9-b18c3b630e65,HatchMeetsUp,T8
20240802,153806,00,03,55,dc0e038d-2483-4b9b-bb5d-d5e554bcbbc1,HatchMeetsUp,T4
20240803,142712,00,39,50,d343947b-f730-4d8a-8fd6-7778052ab54e,topic未設定,T2
20240803,142712,00,39,56,ea07f48a-9a9c-4b7e-938f-95a443743768,topic未設定,T3
20240803,142712,00,39,57,354915e4-5280-44fd-9b2a-c7a99362663d,topic未設定,T1
20240803,150736,00,16,05,8856a339-9ccd-4743-b338-d90f7d2d987e,topic未設定,T1
20240803,150736,00,16,05,ed8194c6-6ffb-405c-9f48-9a3eaee8491f,topic未設定,T2
20240803,150736,00,16,37,70143840-c7a9-4aa1-ad91-03eca79650d0,topic未設定,T3
20240803,152444,00,41,37,f0b40e96-739d-4c22-b136-6d45f3c0d876,topic未設定,T2
20240803,152444,00,41,38,07fea772-2c02-4711-b12a-55066ddb37d7,topic未設定,T1
20240805,102623,00,41,08,78583c36-de7f-4e1b-a8c8-44751682c11a,曽我梅林LFP,T8
20240912,131115,01,55,45,8f45f563-35cc-4185-b07c-c3f3be091884,topic未設定,T8
20240919,085743,00,02,13,14bf79e3-d6ce-4e98-9f1d-ba02e6d152fc,木曽町ニーズヒアリング,1
20240919,090015,00,59,25,596b9b6a-2841-4fe0-a870-a87f8b7d1bf4,木曽町ニーズヒアリング,1
20240919,100157,01,59,01,0755997f-d143-4f73-a2c2-2f945b86f747,木曽町ニーズヒアリング,1
20240919,130048,00,58,53,220b1c44-f0c5-441c-8ed7-358fa02e6f3b,木曽町ニーズヒアリング,1
20240919,141949,00,41,46,513c007e-fca1-490f-a727-697175157e3a,木曽町ニーズヒアリング,1
20240919,150145,00,44,02,0175ad0f-dd6f-4a4a-a225-57c0bb5a4179,木曽町ニーズヒアリング,1
20240919,154633,00,56,53,0ffb07c2-51b0-42ac-87c4-6d2cacc463de,木曽町ニーズヒアリング,1
20241005,141720,00,39,43,880e284a-c782-4d9a-a227-1ab7b1198bc0,20241005北名古屋市ワークショップ,C
20241005,141720,00,39,43,a2e5adb8-33b7-4f4e-95ab-7c808faa3a8c,20241005北名古屋市ワークショップ,H
20241005,141720,00,39,43,b5b093ef-ed65-40be-bd7d-51ee2ba3cd99,20241005北名古屋市ワークショップ,A
20241005,141720,00,39,43,fc7800af-a3a8-47ac-98cd-8e3bb42736c9,20241005北名古屋市ワークショップ,G
20241005,141720,00,39,44,2d50c8e3-f7bc-48da-8e7b-daca263455e3,20241005北名古屋市ワークショップ,B
20241005,141720,00,39,44,856e014f-620a-465b-ae01-b1cb25bb7fba,20241005北名古屋市ワークショップ,F
20241005,141720,00,39,44,973552d1-02c1-4730-82b9-88b34b86e1e0,20241005北名古屋市ワークショップ,I
20241005,141720,00,39,44,a93a738a-dd93-4452-a03e-2cdf967b0e94,20241005北名古屋市ワークショップ,D
20241005,141720,00,39,46,8c7e16e7-50a7-4d40-99ea-eaccf8dfbaa5,20241005北名古屋市ワークショップ,E
20241005,150715,00,30,11,cd278d8c-4a31-4b99-9c42-b691b21fcfb5,20241005北名古屋市ワークショップ,I
20241005,150715,00,32,06,0db66651-348a-4647-8b18-9712d213299b,20241005北名古屋市ワークショップ,G
20241005,150715,00,32,06,1c076716-c9c9-45f5-9fcf-e958d9474cda,20241005北名古屋市ワークショップ,H
20241005,150715,00,32,06,7aaa96ee-8867-44c7-90b7-a2a2de5aebae,20241005北名古屋市ワークショップ,C
20241005,150715,00,32,06,a7f0853a-ad30-4d57-91ec-20e309a864db,20241005北名古屋市ワークショップ,D
20241005,150715,00,32,06,cd8b0402-9fd4-49bb-88c7-aa50b6824aa0,20241005北名古屋市ワークショップ,B
20241005,150715,00,32,06,e86ea565-b7c8-4904-a1e2-f5a10661ad18,20241005北名古屋市ワークショップ,A
20241005,150715,00,32,06,f2973b58-fc2e-4f0f-bb74-a3ad4900bb62,20241005北名古屋市ワークショップ,F
20241005,150715,00,32,08,8907c913-d835-4359-8e04-4b1950679069,20241005北名古屋市ワークショップ,E
20241029,112254,00,01,22,839b5793-8493-4bc3-95aa-0bc78765feeb,木曽町ニーズヒアリング,E
20241029,132638,00,02,36,6620cc16-0cd8-4f0f-b1c6-2dbadb2a28ea,木曽町ニーズヒアリング,E
20241029,150130,00,13,18,73ca8067-bd80-4e77-8c2f-5ccb5aa7f993,20241029テスト,E
20241029,153842,00,09,18,96f51755-8954-47fa-ae4e-ec9bb98f9d7a,20241029テスト,E
20241029,163341,00,01,43,b95d83a9-5add-47cc-97b4-ea8feef764f6,木曽町ニーズヒアリング,E
20241031,100044,01,30,45,920cea67-82fe-491b-9117-7fe66a7b2764,木曽町ニーズヒアリング,E
20241031,113151,00,04,27,f1107fc0-0f7d-40e0-90e7-7c141be28526,メッセナゴヤ展示デモ,E
20241112,103533,00,01,38,7ae6ef4b-84bb-48fc-ab0f-02ca03fbfed7,topic未設定,E
20241122,140618,00,07,23,d7cb9203-7072-40d6-ac3c-df307ebf094a,佐藤,test,E
20241122,142221,00,11,13,8a3ae22b-eae6-4f2f-8c77-073edaa1446f,佐藤,test,E
20241202,180413,00,01,55,4a15511f-e869-439c-b380-02556df9eb25,topic未設定,E
20241203,132253,00,01,07,a9624461-9d4e-4548-b02a-3d3c8ec14da4,佐藤,test,E
20241203,132754,00,01,02,04bc83c2-4c00-405e-85fb-6ca8462b9320,佐藤,test,E
20241203,133311,00,01,06,18c25a2f-2291-4ab4-91ef-14aef8197f7b,佐藤,test,E
20241203,134414,00,01,21,a58fca3c-59a2-48ad-a2fd-754bca0e5ac3,佐藤,test,E
20241203,135433,00,01,30,002adab3-5862-40cb-a71e-62b5ce3bb584,佐藤,test,E
20241203,140047,00,04,51,b4832fca-564e-4aa4-bbef-a27424a16424,佐藤,test,E
20241203,143419,00,06,26,bbe152b0-6659-4fd3-8b8a-eee708741919,佐藤,test,E
20241203,154924,00,10,45,72d3715a-2d48-418a-9d7c-854b5d9dcb16,佐藤,test,E
20241204,094920,00,02,58,d83627e5-19bb-4363-bb7d-5e0e6c8a7de3,topic未設定,E
20241204,112416,00,00,04,c22bf9bc-51e9-47eb-94f8-a496a868f98c,佐藤,test,D
20241204,112556,00,00,14,3320c951-a33e-4d88-ba32-4ecde40ea941,佐藤,test,D
20241204,121206,00,00,14,e4bd4cd0-3b31-4c55-bcbf-a7f3c97e52d5,佐藤,test,B
20241204,121458,00,00,06,c5d10d0c-c614-4f07-b5cc-24afea732b4e,佐藤,test,D
20241204,122203,00,02,56,b2ad1cab-a4e7-4868-ba41-108f43d2a1fe,佐藤,test,A
20241204,162506,00,09,38,32e349d8-58e9-42ca-a4db-5327429e8615,佐藤,test,D
20241204,165434,00,11,31,396261b2-54f3-4f9b-86d3-f0f48baf403b,佐藤,test,D
20241205,153734,00,48,12,80ca5d81-57d0-4c12-a925-d7a5d16c94aa,topic未設定,E
20241205,163527,00,10,20,5186d0d4-f10a-471b-9358-29527cc3f39c,topic未設定,E
20241206,115020,00,02,44,0d5a9b11-3722-414c-a4a7-fc39a138fc46,佐藤,test,D
20241206,120027,00,07,32,aef8524c-8581-4e17-af37-02ec0657545f,佐藤,test,D
20241206,120926,00,05,20,0ad9e8c3-454e-4064-a9b5-a23cde1ccbf9,佐藤,test,D
20241206,140125,00,02,58,be4a129e-f270-4a5f-b1ab-4991f2790527,佐藤,test,D
20241206,143406,00,00,12,7e6a9f12-e512-42a4-8a00-8d39498cda36,佐藤,test,M01-24-0264
20241206,143406,00,11,54,e4375cf3-8cc2-4a4c-a82e-675ff79398d3,佐藤,test,D
20241206,145855,00,06,36,dd327d2f-a7a4-4698-94cc-48e0e1a4b403,佐藤,test,D
20241207,110815,00,00,41,9cca6c0b-d065-4d0e-911e-47d15c3ae673,佐藤,test,B
20241207,110815,00,00,44,9d10dc90-6ace-40ab-959e-67a88e504d21,佐藤,test,C
20241207,110854,00,00,09,6f52649e-22c7-4a98-a5a7-74986738e081,佐藤,test,D
20241207,115517,00,03,54,670ff891-cf02-4435-a4cb-59e5523cf2c1,topic未設定,D
20241207,122401,00,23,48,df48fdb8-e5d5-4af4-9b0d-a04b3780f3c1,topic未設定,B
20241207,122401,00,23,49,2a74a973-4dee-40b7-943c-df437580f094,topic未設定,C
20241207,122401,00,23,50,d9ae4348-d669-4ed3-8df6-ae666d9be781,topic未設定,A
20241207,122401,00,23,50,f60a8fa8-01fa-460d-89b2-2ffb12d12654,topic未設定,D
20241207,135250,00,19,50,00d9450b-5b53-440a-a02b-9c8682fb349e,topic未設定,D
20241207,135250,00,19,55,44a6adaa-5d4f-4796-96e0-41c7d122aa79,topic未設定,B
20241207,135250,00,19,56,d14e615e-1ab2-4a61-b46d-39faa4ce68c5,topic未設定,A
20241207,135250,00,20,00,6a0890f2-f9d7-4164-90be-79b0728f57d7,topic未設定,C
20241207,143332,00,19,21,516a994d-8b49-43c4-be3c-cfbbfa8c4798,topic未設定,B
20241207,143332,00,19,21,825b3dcd-9605-4f50-abf4-dfeb2a0122f6,topic未設定,D
20241207,143332,00,19,21,acf5362b-080a-4402-9d5b-fcbc0a40aaac,topic未設定,C
20241207,143332,00,19,22,885272d8-e848-43c4-bd8e-73aabd85d7b4,topic未設定,A
20241207,152024,00,19,55,85cf906b-0cc8-4323-a5a3-79c849cc983a,topic未設定,B
20241207,152024,00,19,55,cb97cd5a-f659-4d47-b8c7-aee2d9a82d5e,topic未設定,C
20241207,152024,00,19,55,d1a49cc5-e853-461f-bcbd-4215c4b58480,topic未設定,D
20241207,152024,00,19,56,fd74f183-3f84-448a-879d-2a3d3207156b,topic未設定,A
20241207,155606,00,19,01,b3038f42-5a62-43d9-8337-e72cea75fba1,topic未設定,C
20241207,155606,00,19,01,cb2a9aaf-00ec-4920-9302-97dc1c5b64e8,topic未設定,D
20241207,155606,00,19,02,ebdc843e-8785-4620-a391-e4c617de6ba6,topic未設定,A
20241207,155606,00,23,31,d9b15ec8-9b08-4574-976d-c4fd6fd1547b,topic未設定,B
20241209,135732,00,07,41,2d00ffed-8c05-4880-8742-9a2cc6f52c8f,佐藤,test,A
20241210,123643,00,00,05,90fd3bed-cde7-4b85-98c0-5493b71a9aba,佐藤,test,A
20241210,123847,00,00,09,4751d523-a3a8-4ea5-9165-028188301b22,佐藤,test,D
20241210,123847,00,00,09,89e90022-f768-4ca6-8ea5-b60a9a47feb1,佐藤,test,C
20241210,130013,00,00,43,35d37619-ce76-46ca-b982-84ec640b3a29,佐藤,test,B
20241210,130013,00,00,44,80366c43-94d7-4c42-918b-add92c5effd9,佐藤,test,A
20241210,133814,00,01,43,5ec3d1de-376a-45b7-8af2-9abd8c551248,ゼミ240717,A
20241210,134032,00,02,35,aae4d4f7-0a65-41af-b041-daa43a400996,20241029テスト,B
20241210,134433,00,01,44,82d38cce-9abe-4959-9a7d-870f91e04d68,佐賀街なかラボ,C
20241210,144435,00,26,15,17a6ee57-d0e4-4864-8c46-fb7884d8da56,20241029テスト,C
20241210,144435,00,26,15,c94431d8-5036-4619-bfd0-9f6667f442be,20241029テスト,B
20241210,144435,00,26,16,8a345d68-580c-494d-9110-8dadc6777ede,20241029テスト,A
20241210,151528,00,14,11,92709457-e108-4b35-a382-49e7b62382d4,佐賀街なかラボ,B
20241210,151528,00,14,11,b4fff58f-91bc-46f2-950a-38b66f4f16b4,佐賀街なかラボ,C
20241210,151528,00,14,12,b556df21-10f9-460e-b9cc-98978256be20,佐賀街なかラボ,A
20241213,133749,00,08,22,e6757238-05d2-4655-b83b-ee2f83d5d171,topic未設定,A
20241213,134755,00,06,27,fb714b80-a9e6-499d-acb1-ea65ab8fd60b,topic未設定,A
20241213,143848,00,02,13,1e0bc95a-aece-42a7-8e37-e70b8bbb0aff,topic未設定,A
20241216,142108,00,04,12,ea256b0c-89b3-45b4-a921-8c41f1709005,高木によるテスト,A
20241216,142658,00,03,26,917aa6a0-357c-4caa-b443-461c63aed350,高木によるテスト,A
20241216,152252,00,23,04,c412dd7d-301d-4c03-9cdb-98d4b9b12754,高木によるテスト,A
20241217,125846,00,19,04,3efdca8c-b26b-46b1-9ed7-e36f9babcbd7,高木によるテスト(12／17),A
20241218,121735,00,03,45,5720d03e-512c-428b-abb6-c65fef75ae8a,ゼミ240717,A
20241218,124757,00,03,43,4125363b-68f1-4ab5-a176-e99acaa738b6,ゼミ240717,A
20241218,165326,00,04,20,1436a4a3-3adf-4978-9ee7-3ac8299a1fee,ゼミ240717,A
20241218,170559,00,24,14,a3708190-44a5-4351-8e3c-a9ac61c1786b,ゼミ240717,A
20241219,062224,00,07,34,2aee402c-b918-4614-bf36-2e16b3889ad8,ゼミ240717,A
20241219,135429,00,44,53,631be801-2aca-447e-81d4-e00f705dadb4,20241029テスト,A
20250106,160331,00,03,32,b3b15f57-72ae-4851-9d19-f745be82efb6,高木によるテスト(1／6),A
20250106,161110,00,08,17,6735a3ac-6cb0-4179-8e16-8b16b43aead7,高木によるテスト(1／6),A
20250106,162843,00,52,50,191b3872-ec78-4adf-befd-3efa73a49212,高木によるテスト(1／6),A
20250106,172144,00,03,33,db42801c-63e9-4cae-850b-ad32b1a24c85,高木によるテスト(1／6),A
20250106,172530,00,16,42,8aec0360-9420-4744-81f2-b9b543a30361,高木によるテスト(1／6),A
20250106,174213,00,21,05,ebfad3e3-4d70-45d1-8d02-6a67bb9958e1,高木によるテスト(1／6),A
20250106,235414,00,02,00,9b81b6d2-5096-4bbf-9d2c-10d1fc1db6c2,高木によるテスト(1／6),A
20250107,020104,00,03,49,136f3801-26ba-4fec-9ac6-32df5fd1f3bd,高木によるテスト(1／7),A
20250107,020514,00,11,06,df7b1247-87c9-48f1-8419-4ec563253927,高木によるテスト(1／7),A
20250107,021635,00,09,57,d14308be-8457-4eee-aed0-b3cb3ca6a992,高木によるテスト(1／7),A
20250107,022654,00,03,03,7215f44c-2721-4b9e-b183-83e01ba6b413,高木によるテスト(1／7),A
20250107,104035,00,09,08,43e3f60e-ae65-4dc4-94ee-4fb35a145833,高木によるテスト(1／7),A
20250107,122030,00,04,19,c152cdfa-f274-45af-8110-13d7430572da,高木によるテスト(1／7),A
20250107,140421,00,15,14,c8d8a5f8-fd42-45a2-9dc3-147ec6e383b7,高木によるテスト(1／7),A
20250108,113828,00,11,06,f0dfb6f6-ed8b-4199-930d-f1015b743fa6,高木によるテスト(1／7),A
20250108,115237,00,11,34,7af92e58-e1f9-456b-9bee-e9a6b7c43c51,高木によるテスト(1／7),A
20250108,164757,00,00,37,e38f8ad4-0061-4ad9-ad72-058165d99d0b,高木によるテスト(1／7),A
20250108,164916,00,11,16,1bb70f35-9ac2-450b-9238-3e69707df3ce,高木によるテスト(1／7),A
20250108,170158,00,18,23,24784269-1ed8-4659-ba6e-0e7676e40e02,高木によるテスト(1／7),A
20250114,152114,00,10,46,9a6aae30-89ac-4a5e-b14a-e5bcf9005e73,1／15,A
20250115,162327,00,10,10,b165493d-393f-49aa-976f-4a0d643bdd19,20250115,C
20250115,162327,00,12,45,4e3c280a-5e34-4fc4-9b57-6ec4948ce0c4,20250115,B
20250115,162327,00,12,46,bec18f03-c66d-45c1-8cb1-dc7b3d6a19fa,20250115,C
20250115,162327,00,12,47,55cf9e2c-5531-4602-a677-7861436d2baa,20250115,A
20250115,163912,00,14,32,9c06f9a7-6bb5-471d-b854-e506551c447d,20250115-02,B
20250115,163912,00,14,33,43593b50-3bcc-42bc-a2ee-f3a91124cda2,20250115-02,A
20250115,163912,00,14,33,edd6b451-5a95-4d13-9755-b3716f012db6,20250115-02,C
20250117,140712,00,00,46,fe8bd55b-8063-4280-8eb8-1dc775d5d36b,高木によるテスト(1／7),A
20250117,140838,00,10,51,6911748f-2b47-4eb5-b63a-188dda7da364,高木によるテスト(1／7),A
20250117,142136,00,11,39,7674d83a-f04e-4fe0-a9e9-684baf231078,高木によるテスト(1／7),A
